-- =========================================================
-- Archivo: carga_tienda.sql
-- Descripción: Inserts completos para esquema "tienda"
-- =========================================================

-- ==== CLIENTE (20) ====
INSERT INTO tienda.Cliente (tipo_identificacion, identificacion, nombre, apellido, direccion, telefono, email) VALUES
('CEDULA', '0101010001', 'Juan', 'Pérez', 'Av. 9 de Octubre 100', '0999000001', 'juan.perez1@example.com'),
('CEDULA', '0101010002', 'María', 'López', 'Calle Chile 200', '0999000002', 'maria.lopez2@example.com'),
('CEDULA', '0101010003', 'Carlos', 'Mendoza', 'Av. Guayaquil 300', '0999000003', 'carlos.mendoza3@example.com'),
('CEDULA', '0101010004', 'Ana', 'Ruiz', 'Malecón 400', '0999000004', 'ana.ruiz4@example.com'),
('CEDULA', '0101010005', 'Luis', 'Torres', 'Av. Quito 500', '0999000005', 'luis.torres5@example.com'),
('RUC',    '1790010010001', 'Comercial', 'Andina', 'Av. Amazonas 600', '0224000001', 'contacto.andina1@example.com'),
('RUC',    '1790010010002', 'Servicios', 'Pacífico', 'Av. Kennedy 700', '0224000002', 'contacto.pacifico2@example.com'),
('RUC',    '1790010010003', 'Distribuidora', 'Centro', 'Av. Libertad 800', '0224000003', 'contacto.centro3@example.com'),
('PASAPORTE', 'AB1234501', 'Sofía', 'García', 'Calle Panamá 101', '0999000011', 'sofia.garcia11@example.com'),
('PASAPORTE', 'AB1234502', 'Diego', 'Salinas', 'Calle Boyacá 102', '0999000012', 'diego.salinas12@example.com'),
('CEDULA', '0101010006', 'Pedro', 'Castro', 'Av. Olmedo 103', '0999000006', 'pedro.castro6@example.com'),
('CEDULA', '0101010007', 'Elena', 'Vega', 'Av. Machala 104', '0999000007', 'elena.vega7@example.com'),
('CEDULA', '0101010008', 'Jorge', 'Naranjo', 'Av. Loja 105', '0999000008', 'jorge.naranjo8@example.com'),
('CEDULA', '0101010009', 'Patricia', 'Suárez', 'Av. Tulcán 106', '0999000009', 'patricia.suarez9@example.com'),
('CEDULA', '0101010010', 'Ricardo', 'Guerrero', 'Av. Cuenca 107', '0999000010', 'ricardo.guerrero10@example.com'),
('RUC',    '1790010010004', 'Importadora', 'Delta', 'Av. Portete 108', '0224000004', 'contacto.delta4@example.com'),
('RUC',    '1790010010005', 'Tecnologías', 'Nova', 'Av. Juan Tanca 109', '0224000005', 'contacto.nova5@example.com'),
('RUC',    '1790010010006', 'Mercantil', 'Oriente', 'Av. Francisco de Orellana 110', '0224000006', 'contacto.oriente6@example.com'),
('PASAPORTE', 'AB1234503', 'Valeria', 'Paz', 'Av. Esmeraldas 111', '0999000013', 'valeria.paz13@example.com'),
('PASAPORTE', 'AB1234504', 'Andrés', 'Reyes', 'Av. Milagro 112', '0999000014', 'andres.reyes14@example.com');

-- ==== TIPO_PRODUCTO (20) ====
INSERT INTO tienda.Tipo_Producto (nombre, descripcion) VALUES
('Electrónica', 'Dispositivos electrónicos'),
('Ropa', 'Prendas de vestir'),
('Calzado', 'Zapatos y sandalias'),
('Alimentos', 'Productos comestibles'),
('Bebidas', 'Refrescos y licores'),
('Joyería', 'Accesorios y joyas'),
('Hogar', 'Artículos del hogar'),
('Belleza', 'Cuidado personal'),
('Deportes', 'Artículos deportivos'),
('Papelería', 'Útiles y oficina'),
('Jardinería', 'Herramientas de jardín'),
('Mascotas', 'Productos para mascotas'),
('Automotriz', 'Accesorios de autos'),
('Libros', 'Lectura y estudio'),
('Videojuegos', 'Consolas y juegos'),
('Muebles', 'Mobiliario para casa'),
('Iluminación', 'Lámparas y focos'),
('Ferretería', 'Herramientas y tornillos'),
('Farmacia', 'Salud y bienestar'),
('Juguetes', 'Diversión para niños');

-- ==== PROVEEDOR (20) ====
INSERT INTO tienda.Proveedor (nombre, contacto, telefono, direccion, email) VALUES
('Proveedor 1',  'Luis Torres',   '022300001', 'Av. Amazonas 101', 'prov1@example.com'),
('Proveedor 2',  'Ana Ruiz',      '022300002', 'Av. Kennedy 102',  'prov2@example.com'),
('Proveedor 3',  'Carlos Silva',  '022300003', 'Av. Libertad 103', 'prov3@example.com'),
('Proveedor 4',  'María Pino',    '022300004', 'Av. Colón 104',    'prov4@example.com'),
('Proveedor 5',  'Jorge León',    '022300005', 'Av. Quito 105',    'prov5@example.com'),
('Proveedor 6',  'Patricia Ríos', '022300006', 'Av. Guayaquil 106','prov6@example.com'),
('Proveedor 7',  'Ricardo Paz',   '022300007', 'Av. Olmedo 107',   'prov7@example.com'),
('Proveedor 8',  'Elena Vera',    '022300008', 'Av. Machala 108',  'prov8@example.com'),
('Proveedor 9',  'Pedro Lara',    '022300009', 'Av. Loja 109',     'prov9@example.com'),
('Proveedor 10', 'Sofía Navas',   '022300010', 'Av. Tulcán 110',   'prov10@example.com'),
('Proveedor 11', 'Diego Sosa',    '022300011', 'Av. Cuenca 111',   'prov11@example.com'),
('Proveedor 12', 'Valeria Roa',   '022300012', 'Av. Esmeraldas 112','prov12@example.com'),
('Proveedor 13', 'Andrés Vela',   '022300013', 'Av. Milagro 113',  'prov13@example.com'),
('Proveedor 14', 'Gina Peña',     '022300014', 'Av. Portete 114',  'prov14@example.com'),
('Proveedor 15', 'Mario Cobo',    '022300015', 'Av. Tanca 115',    'prov15@example.com'),
('Proveedor 16', 'Celia Cruz',    '022300016', 'Av. Orellana 116', 'prov16@example.com'),
('Proveedor 17', 'Pablo Ríos',    '022300017', 'Av. Kennedy 117',  'prov17@example.com'),
('Proveedor 18', 'Nora Ávila',    '022300018', 'Av. Amazonas 118', 'prov18@example.com'),
('Proveedor 19', 'Hugo Díaz',     '022300019', 'Av. Libertad 119', 'prov19@example.com'),
('Proveedor 20', 'Eva Mora',      '022300020', 'Av. Colón 120',    'prov20@example.com');

-- ==== PRODUCTO (20) ====
-- Precios pensados para facilitar cálculo del subtotal (suman 690.00 con cantidad=1)
INSERT INTO tienda.Producto (nombre, descripcion, precio, costo, id_tipo_producto, id_proveedor) VALUES
('Laptop Lenovo',        'Laptop 15"',                 10.00,  8.00,  1,  1),
('Camiseta Nike',        'Camiseta deportiva',         12.00,  9.00,  2,  2),
('Zapatos Adidas',       'Zapatos deportivos',         15.00, 12.00,  3,  3),
('Arroz 5kg',            'Alimento básico',            18.00, 14.00,  4,  4),
('Agua 12x1L',           'Paquete de botellas',        20.00, 16.00,  5,  5),
('Collar Plata',         'Joyería básica',             22.00, 17.00,  6,  6),
('Sartén Antiadherente', 'Hogar cocina',               25.00, 19.00,  7,  7),
('Crema hidratante',     'Belleza facial',             28.00, 21.00,  8,  8),
('Balón Fútbol',         'Deportes',                   30.00, 23.00,  9,  9),
('Cuaderno A4',          'Papelería 100 hojas',        32.00, 24.00, 10, 10),
('Tijera Jardín',        'Jardinería',                 35.00, 26.00, 11, 11),
('Comida para perro',    'Mascotas 10kg',              38.00, 28.00, 12, 12),
('Aceite motor',         'Automotriz',                 40.00, 30.00, 13, 13),
('Libro novela',         'Libros',                     42.00, 31.00, 14, 14),
('Consola retro',        'Videojuegos',                45.00, 33.00, 15, 15),
('Silla comedor',        'Muebles',                    48.00, 35.00, 16, 16),
('Bombillo LED',         'Iluminación 12W',            50.00, 36.00, 17, 17),
('Taladro',              'Ferretería',                 55.00, 40.00, 18, 18),
('Vitaminas C',          'Farmacia',                   60.00, 45.00, 19, 19),
('Muñeca Barbie',        'Juguetes',                   65.00, 48.00, 20, 20);

-- ==== INVENTARIO (20) ====
INSERT INTO tienda.Inventario (id_producto, cantidad) VALUES
(1,  50),
(2,  100),
(3,  75),
(4,  80),
(5,  120),
(6,  60),
(7,  55),
(8,  70),
(9,  65),
(10, 90),
(11, 40),
(12, 45),
(13, 50),
(14, 35),
(15, 30),
(16, 25),
(17, 200),
(18, 150),
(19, 180),
(20, 220);

-- ==== FACTURA (20) ====
-- Subtotal fijo = 690.00 (suma de los 20 precios con cantidad=1)
-- Impuesto 12% = 82.80, Total = 772.80
INSERT INTO tienda.Factura (id_cliente, subtotal, impuesto, total) VALUES
(1,  690.00, 82.80, 772.80),
(2,  690.00, 82.80, 772.80),
(3,  690.00, 82.80, 772.80),
(4,  690.00, 82.80, 772.80),
(5,  690.00, 82.80, 772.80),
(6,  690.00, 82.80, 772.80),
(7,  690.00, 82.80, 772.80),
(8,  690.00, 82.80, 772.80),
(9,  690.00, 82.80, 772.80),
(10, 690.00, 82.80, 772.80),
(11, 690.00, 82.80, 772.80),
(12, 690.00, 82.80, 772.80),
(13, 690.00, 82.80, 772.80),
(14, 690.00, 82.80, 772.80),
(15, 690.00, 82.80, 772.80),
(16, 690.00, 82.80, 772.80),
(17, 690.00, 82.80, 772.80),
(18, 690.00, 82.80, 772.80),
(19, 690.00, 82.80, 772.80),
(20, 690.00, 82.80, 772.80);

-- ==== DETALLE_FACTURA (20 facturas x 20 líneas = 400) ====
-- Para cada factura: productos 1..20, cantidad = 1
-- precio_unitario = precio del producto, subtotal_linea = cantidad * precio_unitario

-- Factura 1
INSERT INTO tienda.Detalle_Factura (id_factura, id_producto, cantidad, precio_unitario, subtotal_linea) VALUES
(1, 1, 1, 10.00, 10.00),
(1, 2, 1, 12.00, 12.00),
(1, 3, 1, 15.00, 15.00),
(1, 4, 1, 18.00, 18.00),
(1, 5, 1, 20.00, 20.00),
(1, 6, 1, 22.00, 22.00),
(1, 7, 1, 25.00, 25.00),
(1, 8, 1, 28.00, 28.00),
(1, 9, 1, 30.00, 30.00),
(1,10, 1, 32.00, 32.00),
(1,11, 1, 35.00, 35.00),
(1,12, 1, 38.00, 38.00),
(1,13, 1, 40.00, 40.00),
(1,14, 1, 42.00, 42.00),
(1,15, 1, 45.00, 45.00),
(1,16, 1, 48.00, 48.00),
(1,17, 1, 50.00, 50.00),
(1,18, 1, 55.00, 55.00),
(1,19, 1, 60.00, 60.00),
(1,20, 1, 65.00, 65.00);

-- Factura 2
INSERT INTO tienda.Detalle_Factura (id_factura, id_producto, cantidad, precio_unitario, subtotal_linea) VALUES
(2, 1, 1, 10.00, 10.00),
(2, 2, 1, 12.00, 12.00),
(2, 3, 1, 15.00, 15.00),
(2, 4, 1, 18.00, 18.00),
(2, 5, 1, 20.00, 20.00),
(2, 6, 1, 22.00, 22.00),
(2, 7, 1, 25.00, 25.00),
(2, 8, 1, 28.00, 28.00),
(2, 9, 1, 30.00, 30.00),
(2,10, 1, 32.00, 32.00),
(2,11, 1, 35.00, 35.00),
(2,12, 1, 38.00, 38.00),
(2,13, 1, 40.00, 40.00),
(2,14, 1, 42.00, 42.00),
(2,15, 1, 45.00, 45.00),
(2,16, 1, 48.00, 48.00),
(2,17, 1, 50.00, 50.00),
(2,18, 1, 55.00, 55.00),
(2,19, 1, 60.00, 60.00),
(2,20, 1, 65.00, 65.00);

-- Factura 3
INSERT INTO tienda.Detalle_Factura (id_factura, id_producto, cantidad, precio_unitario, subtotal_linea) VALUES
(3, 1, 1, 10.00, 10.00),
(3, 2, 1, 12.00, 12.00),
(3, 3, 1, 15.00, 15.00),
(3, 4, 1, 18.00, 18.00),
(3, 5, 1, 20.00, 20.00),
(3, 6, 1, 22.00, 22.00),
(3, 7, 1, 25.00, 25.00),
(3, 8, 1, 28.00, 28.00),
(3, 9, 1, 30.00, 30.00),
(3,10, 1, 32.00, 32.00),
(3,11, 1, 35.00, 35.00),
(3,12, 1, 38.00, 38.00),
(3,13, 1, 40.00, 40.00),
(3,14, 1, 42.00, 42.00),
(3,15, 1, 45.00, 45.00),
(3,16, 1, 48.00, 48.00),
(3,17, 1, 50.00, 50.00),
(3,18, 1, 55.00, 55.00),
(3,19, 1, 60.00, 60.00),
(3,20, 1, 65.00, 65.00);

-- Factura 4
INSERT INTO tienda.Detalle_Factura (id_factura, id_producto, cantidad, precio_unitario, subtotal_linea) VALUES
(4, 1, 1, 10.00, 10.00),
(4, 2, 1, 12.00, 12.00),
(4, 3, 1, 15.00, 15.00),
(4, 4, 1, 18.00, 18.00),
(4, 5, 1, 20.00, 20.00),
(4, 6, 1, 22.00, 22.00),
(4, 7, 1, 25.00, 25.00),
(4, 8, 1, 28.00, 28.00),
(4, 9, 1, 30.00, 30.00),
(4,10, 1, 32.00, 32.00),
(4,11, 1, 35.00, 35.00),
(4,12, 1, 38.00, 38.00),
(4,13, 1, 40.00, 40.00),
(4,14, 1, 42.00, 42.00),
(4,15, 1, 45.00, 45.00),
(4,16, 1, 48.00, 48.00),
(4,17, 1, 50.00, 50.00),
(4,18, 1, 55.00, 55.00),
(4,19, 1, 60.00, 60.00),
(4,20, 1, 65.00, 65.00);

-- Factura 5
INSERT INTO tienda.Detalle_Factura (id_factura, id_producto, cantidad, precio_unitario, subtotal_linea) VALUES
(5, 1, 1, 10.00, 10.00),
(5, 2, 1, 12.00, 12.00),
(5, 3, 1, 15.00, 15.00),
(5, 4, 1, 18.00, 18.00),
(5, 5, 1, 20.00, 20.00),
(5, 6, 1, 22.00, 22.00),
(5, 7, 1, 25.00, 25.00),
(5, 8, 1, 28.00, 28.00),
(5, 9, 1, 30.00, 30.00),
(5,10, 1, 32.00, 32.00),
(5,11, 1, 35.00, 35.00),
(5,12, 1, 38.00, 38.00),
(5,13, 1, 40.00, 40.00),
(5,14, 1, 42.00, 42.00),
(5,15, 1, 45.00, 45.00),
(5,16, 1, 48.00, 48.00),
(5,17, 1, 50.00, 50.00),
(5,18, 1, 55.00, 55.00),
(5,19, 1, 60.00, 60.00),
(5,20, 1, 65.00, 65.00);

-- Factura 6
INSERT INTO tienda.Detalle_Factura (id_factura, id_producto, cantidad, precio_unitario, subtotal_linea) VALUES
(6, 1, 1, 10.00, 10.00),
(6, 2, 1, 12.00, 12.00),
(6, 3, 1, 15.00, 15.00),
(6, 4, 1, 18.00, 18.00),
(6, 5, 1, 20.00, 20.00),
(6, 6, 1, 22.00, 22.00),
(6, 7, 1, 25.00, 25.00),
(6, 8, 1, 28.00, 28.00),
(6, 9, 1, 30.00, 30.00),
(6,10, 1, 32.00, 32.00),
(6,11, 1, 35.00, 35.00),
(6,12, 1, 38.00, 38.00),
(6,13, 1, 40.00, 40.00),
(6,14, 1, 42.00, 42.00),
(6,15, 1, 45.00, 45.00),
(6,16, 1, 48.00, 48.00),
(6,17, 1, 50.00, 50.00),
(6,18, 1, 55.00, 55.00),
(6,19, 1, 60.00, 60.00),
(6,20, 1, 65.00, 65.00);

-- Factura 7
INSERT INTO tienda.Detalle_Factura (id_factura, id_producto, cantidad, precio_unitario, subtotal_linea) VALUES
(7, 1, 1, 10.00, 10.00),
(7, 2, 1, 12.00, 12.00),
(7, 3, 1, 15.00, 15.00),
(7, 4, 1, 18.00, 18.00),
(7, 5, 1, 20.00, 20.00),
(7, 6, 1, 22.00, 22.00),
(7, 7, 1, 25.00, 25.00),
(7, 8, 1, 28.00, 28.00),
(7, 9, 1, 30.00, 30.00),
(7,10, 1, 32.00, 32.00),
(7,11, 1, 35.00, 35.00),
(7,12, 1, 38.00, 38.00),
(7,13, 1, 40.00, 40.00),
(7,14, 1, 42.00, 42.00),
(7,15, 1, 45.00, 45.00),
(7,16, 1, 48.00, 48.00),
(7,17, 1, 50.00, 50.00),
(7,18, 1, 55.00, 55.00),
(7,19, 1, 60.00, 60.00),
(7,20, 1, 65.00, 65.00);

-- Factura 8
INSERT INTO tienda.Detalle_Factura (id_factura, id_producto, cantidad, precio_unitario, subtotal_linea) VALUES
(8, 1, 1, 10.00, 10.00),
(8, 2, 1, 12.00, 12.00),
(8, 3, 1, 15.00, 15.00),
(8, 4, 1, 18.00, 18.00),
(8, 5, 1, 20.00, 20.00),
(8, 6, 1, 22.00, 22.00),
(8, 7, 1, 25.00, 25.00),
(8, 8, 1, 28.00, 28.00),
(8, 9, 1, 30.00, 30.00),
(8,10, 1, 32.00, 32.00),
(8,11, 1, 35.00, 35.00),
(8,12, 1, 38.00, 38.00),
(8,13, 1, 40.00, 40.00),
(8,14, 1, 42.00, 42.00),
(8,15, 1, 45.00, 45.00),
(8,16, 1, 48.00, 48.00),
(8,17, 1, 50.00, 50.00),
(8,18, 1, 55.00, 55.00),
(8,19, 1, 60.00, 60.00),
(8,20, 1, 65.00, 65.00);

-- Factura 9
INSERT INTO tienda.Detalle_Factura (id_factura, id_producto, cantidad, precio_unitario, subtotal_linea) VALUES
(9, 1, 1, 10.00, 10.00),
(9, 2, 1, 12.00, 12.00),
(9, 3, 1, 15.00, 15.00),
(9, 4, 1, 18.00, 18.00),
(9, 5, 1, 20.00, 20.00),
(9, 6, 1, 22.00, 22.00),
(9, 7, 1, 25.00, 25.00),
(9, 8, 1, 28.00, 28.00),
(9, 9, 1, 30.00, 30.00),
(9,10, 1, 32.00, 32.00),
(9,11, 1, 35.00, 35.00),
(9,12, 1, 38.00, 38.00),
(9,13, 1, 40.00, 40.00),
(9,14, 1, 42.00, 42.00),
(9,15, 1, 45.00, 45.00),
(9,16, 1, 48.00, 48.00),
(9,17, 1, 50.00, 50.00),
(9,18, 1, 55.00, 55.00),
(9,19, 1, 60.00, 60.00),
(9,20, 1, 65.00, 65.00);

-- Factura 10
INSERT INTO tienda.Detalle_Factura (id_factura, id_producto, cantidad, precio_unitario, subtotal_linea) VALUES
(10, 1, 1, 10.00, 10.00),
(10, 2, 1, 12.00, 12.00),
(10, 3, 1, 15.00, 15.00),
(10, 4, 1, 18.00, 18.00),
(10, 5, 1, 20.00, 20.00),
(10, 6, 1, 22.00, 22.00),
(10, 7, 1, 25.00, 25.00),
(10, 8, 1, 28.00, 28.00),
(10, 9, 1, 30.00, 30.00),
(10,10, 1, 32.00, 32.00),
(10,11, 1, 35.00, 35.00),
(10,12, 1, 38.00, 38.00),
(10,13, 1, 40.00, 40.00),
(10,14, 1, 42.00, 42.00),
(10,15, 1, 45.00, 45.00),
(10,16, 1, 48.00, 48.00),
(10,17, 1, 50.00, 50.00),
(10,18, 1, 55.00, 55.00),
(10,19, 1, 60.00, 60.00),
(10,20, 1, 65.00, 65.00);

-- Factura 11
INSERT INTO tienda.Detalle_Factura (id_factura, id_producto, cantidad, precio_unitario, subtotal_linea) VALUES
(11, 1, 1, 10.00, 10.00),
(11, 2, 1, 12.00, 12.00),
(11, 3, 1, 15.00, 15.00),
(11, 4, 1, 18.00, 18.00),
(11, 5, 1, 20.00, 20.00),
(11, 6, 1, 22.00, 22.00),
(11, 7, 1, 25.00, 25.00),
(11, 8, 1, 28.00, 28.00),
(11, 9, 1, 30.00, 30.00),
(11,10, 1, 32.00, 32.00),
(11,11, 1, 35.00, 35.00),
(11,12, 1, 38.00, 38.00),
(11,13, 1, 40.00, 40.00),
(11,14, 1, 42.00, 42.00),
(11,15, 1, 45.00, 45.00),
(11,16, 1, 48.00, 48.00),
(11,17, 1, 50.00, 50.00),
(11,18, 1, 55.00, 55.00),
(11,19, 1, 60.00, 60.00),
(11,20, 1, 65.00, 65.00);

-- Factura 12
INSERT INTO tienda.Detalle_Factura (id_factura, id_producto, cantidad, precio_unitario, subtotal_linea) VALUES
(12, 1, 1, 10.00, 10.00),
(12, 2, 1, 12.00, 12.00),
(12, 3, 1, 15.00, 15.00),
(12, 4, 1, 18.00, 18.00),
(12, 5, 1, 20.00, 20.00),
(12, 6, 1, 22.00, 22.00),
(12, 7, 1, 25.00, 25.00),
(12, 8, 1, 28.00, 28.00),
(12, 9, 1, 30.00, 30.00),
(12,10, 1, 32.00, 32.00),
(12,11, 1, 35.00, 35.00),
(12,12, 1, 38.00, 38.00),
(12,13, 1, 40.00, 40.00),
(12,14, 1, 42.00, 42.00),
(12,15, 1, 45.00, 45.00),
(12,16, 1, 48.00, 48.00),
(12,17, 1, 50.00, 50.00),
(12,18, 1, 55.00, 55.00),
(12,19, 1, 60.00, 60.00),
(12,20, 1, 65.00, 65.00);

-- Factura 13
INSERT INTO tienda.Detalle_Factura (id_factura, id_producto, cantidad, precio_unitario, subtotal_linea) VALUES
(13, 1, 1, 10.00, 10.00),
(13, 2, 1, 12.00, 12.00),
(13, 3, 1, 15.00, 15.00),
(13, 4, 1, 18.00, 18.00),
(13, 5, 1, 20.00, 20.00),
(13, 6, 1, 22.00, 22.00),
(13, 7, 1, 25.00, 25.00),
(13, 8, 1, 28.00, 28.00),
(13, 9, 1, 30.00, 30.00),
(13,10, 1, 32.00, 32.00),
(13,11, 1, 35.00, 35.00),
(13,12, 1, 38.00, 38.00),
(13,13, 1, 40.00, 40.00),
(13,14, 1, 42.00, 42.00),
(13,15, 1, 45.00, 45.00),
(13,16, 1, 48.00, 48.00),
(13,17, 1, 50.00, 50.00),
(13,18, 1, 55.00, 55.00),
(13,19, 1, 60.00, 60.00),
(13,20, 1, 65.00, 65.00);

-- Factura 14
INSERT INTO tienda.Detalle_Factura (id_factura, id_producto, cantidad, precio_unitario, subtotal_linea) VALUES
(14, 1, 1, 10.00, 10.00),
(14, 2, 1, 12.00, 12.00),
(14, 3, 1, 15.00, 15.00),
(14, 4, 1, 18.00, 18.00),
(14, 5, 1, 20.00, 20.00),
(14, 6, 1, 22.00, 22.00),
(14, 7, 1, 25.00, 25.00),
(14, 8, 1, 28.00, 28.00),
(14, 9, 1, 30.00, 30.00),
(14,10, 1, 32.00, 32.00),
(14,11, 1, 35.00, 35.00),
(14,12, 1, 38.00, 38.00),
(14,13, 1, 40.00, 40.00),
(14,14, 1, 42.00, 42.00),
(14,15, 1, 45.00, 45.00),
(14,16, 1, 48.00, 48.00),
(14,17, 1, 50.00, 50.00),
(14,18, 1, 55.00, 55.00),
(14,19, 1, 60.00, 60.00),
(14,20, 1, 65.00, 65.00);

-- Factura 15
INSERT INTO tienda.Detalle_Factura (id_factura, id_producto, cantidad, precio_unitario, subtotal_linea) VALUES
(15, 1, 1, 10.00, 10.00),
(15, 2, 1, 12.00, 12.00),
(15, 3, 1, 15.00, 15.00),
(15, 4, 1, 18.00, 18.00),
(15, 5, 1, 20.00, 20.00),
(15, 6, 1, 22.00, 22.00),
(15, 7, 1, 25.00, 25.00),
(15, 8, 1, 28.00, 28.00),
(15, 9, 1, 30.00, 30.00),
(15,10, 1, 32.00, 32.00),
(15,11, 1, 35.00, 35.00),
(15,12, 1, 38.00, 38.00),
(15,13, 1, 40.00, 40.00),
(15,14, 1, 42.00, 42.00),
(15,15, 1, 45.00, 45.00),
(15,16, 1, 48.00, 48.00),
(15,17, 1, 50.00, 50.00),
(15,18, 1, 55.00, 55.00),
(15,19, 1, 60.00, 60.00),
(15,20, 1, 65.00, 65.00);

-- Factura 16
INSERT INTO tienda.Detalle_Factura (id_factura, id_producto, cantidad, precio_unitario, subtotal_linea) VALUES
(16, 1, 1, 10.00, 10.00),
(16, 2, 1, 12.00, 12.00),
(16, 3, 1, 15.00, 15.00),
(16, 4, 1, 18.00, 18.00),
(16, 5, 1, 20.00, 20.00),
(16, 6, 1, 22.00, 22.00),
(16, 7, 1, 25.00, 25.00),
(16, 8, 1, 28.00, 28.00),
(16, 9, 1, 30.00, 30.00),
(16,10, 1, 32.00, 32.00),
(16,11, 1, 35.00, 35.00),
(16,12, 1, 38.00, 38.00),
(16,13, 1, 40.00, 40.00),
(16,14, 1, 42.00, 42.00),
(16,15, 1, 45.00, 45.00),
(16,16, 1, 48.00, 48.00),
(16,17, 1, 50.00, 50.00),
(16,18, 1, 55.00, 55.00),
(16,19, 1, 60.00, 60.00),
(16,20, 1, 65.00, 65.00);

-- Factura 17
INSERT INTO tienda.Detalle_Factura (id_factura, id_producto, cantidad, precio_unitario, subtotal_linea) VALUES
(17, 1, 1, 10.00, 10.00),
(17, 2, 1, 12.00, 12.00),
(17, 3, 1, 15.00, 15.00),
(17, 4, 1, 18.00, 18.00),
(17, 5, 1, 20.00, 20.00),
(17, 6, 1, 22.00, 22.00),
(17, 7, 1, 25.00, 25.00),
(17, 8, 1, 28.00, 28.00),
(17, 9, 1, 30.00, 30.00),
(17,10, 1, 32.00, 32.00),
(17,11, 1, 35.00, 35.00),
(17,12, 1, 38.00, 38.00),
(17,13, 1, 40.00, 40.00),
(17,14, 1, 42.00, 42.00),
(17,15, 1, 45.00, 45.00),
(17,16, 1, 48.00, 48.00),
(17,17, 1, 50.00, 50.00),
(17,18, 1, 55.00, 55.00),
(17,19, 1, 60.00, 60.00),
(17,20, 1, 65.00, 65.00);

-- Factura 18
INSERT INTO tienda.Detalle_Factura (id_factura, id_producto, cantidad, precio_unitario, subtotal_linea) VALUES
(18, 1, 1, 10.00, 10.00),
(18, 2, 1, 12.00, 12.00),
(18, 3, 1, 15.00, 15.00),
(18, 4, 1, 18.00, 18.00),
(18, 5, 1, 20.00, 20.00),
(18, 6, 1, 22.00, 22.00),
(18, 7, 1, 25.00, 25.00),
(18, 8, 1, 28.00, 28.00),
(18, 9, 1, 30.00, 30.00),
(18,10, 1, 32.00, 32.00),
(18,11, 1, 35.00, 35.00),
(18,12, 1, 38.00, 38.00),
(18,13, 1, 40.00, 40.00),
(18,14, 1, 42.00, 42.00),
(18,15, 1, 45.00, 45.00),
(18,16, 1, 48.00, 48.00),
(18,17, 1, 50.00, 50.00),
(18,18, 1, 55.00, 55.00),
(18,19, 1, 60.00, 60.00),
(18,20, 1, 65.00, 65.00);

-- Factura 19
INSERT INTO tienda.Detalle_Factura (id_factura, id_producto, cantidad, precio_unitario, subtotal_linea) VALUES
(19, 1, 1, 10.00, 10.00),
(19, 2, 1, 12.00, 12.00),
(19, 3, 1, 15.00, 15.00),
(19, 4, 1, 18.00, 18.00),
(19, 5, 1, 20.00, 20.00),
(19, 6, 1, 22.00, 22.00),
(19, 7, 1, 25.00, 25.00),
(19, 8, 1, 28.00, 28.00),
(19, 9, 1, 30.00, 30.00),
(19,10, 1, 32.00, 32.00),
(19,11, 1, 35.00, 35.00),
(19,12, 1, 38.00, 38.00),
(19,13, 1, 40.00, 40.00),
(19,14, 1, 42.00, 42.00),
(19,15, 1, 45.00, 45.00),
(19,16, 1, 48.00, 48.00),
(19,17, 1, 50.00, 50.00),
(19,18, 1, 55.00, 55.00),
(19,19, 1, 60.00, 60.00),
(19,20, 1, 65.00, 65.00);

-- Factura 20
INSERT INTO tienda.Detalle_Factura (id_factura, id_producto, cantidad, precio_unitario, subtotal_linea) VALUES
(20, 1, 1, 10.00, 10.00),
(20, 2, 1, 12.00, 12.00),
(20, 3, 1, 15.00, 15.00),
(20, 4, 1, 18.00, 18.00),
(20, 5, 1, 20.00, 20.00),
(20, 6, 1, 22.00, 22.00),
(20, 7, 1, 25.00, 25.00),
(20, 8, 1, 28.00, 28.00),
(20, 9, 1, 30.00, 30.00),
(20,10, 1, 32.00, 32.00),
(20,11, 1, 35.00, 35.00),
(20,12, 1, 38.00, 38.00),
(20,13, 1, 40.00, 40.00),
(20,14, 1, 42.00, 42.00),
(20,15, 1, 45.00, 45.00),
(20,16, 1, 48.00, 48.00),
(20,17, 1, 50.00, 50.00),
(20,18, 1, 55.00, 55.00),
(20,19, 1, 60.00, 60.00),
(20,20, 1, 65.00, 65.00);
